coord_0000_X,coord_0000_Y,origin_dist_0000,is_visible_0000,coord_1111_X,coord_1111_Y,origin_dist_1111,is_visible_1111,coord_1100_X,coord_1100_Y,origin_dist_1100,is_visible_1100,coord_0011_X,coord_0011_Y,origin_dist_0011,is_visible_0011,coord_1010_X,coord_1010_Y,origin_dist_1010,is_visible_1010,coord_0101_X,coord_0101_Y,origin_dist_0101,is_visible_0101,d_0101_1100,d_1100_0101,d_1100_1010,d_1010_1100,d_1010_0011,d_0011_1010,d_0011_1111,d_1111_0011,reading_id
-14,163,163.6,1,102,42,110.309,1,0,0,0,0,13,-44,45.8803,1,-49,-46,67.2086,1,0,0,0,0,0,0,67.2086,67.2086,62.0322,62.0322,123.762,123.762,3
-17,161,161.895,1,100,42,108.462,1,0,0,0,0,12,-44,45.607,1,-51,-48,70.0357,1,0,0,0,0,0,0,70.0357,70.0357,63.1269,63.1269,123.045,123.045,3
-18,158,159.022,1,97,39,104.547,1,0,0,0,0,10,-47,48.0521,1,-52,-50,72.1388,1,0,0,0,0,0,0,72.1388,72.1388,62.0725,62.0725,122.332,122.332,3
-15,157,157.715,1,100,37,106.626,1,0,0,0,0,12,-49,50.448,1,-50,-51,71.4213,1,0,0,0,0,0,0,71.4213,71.4213,62.0322,62.0322,123.045,123.045,3
-16,157,157.813,1,100,37,106.626,1,0,0,0,0,12,-49,50.448,1,-52,-51,72.8354,1,0,0,0,0,0,0,72.8354,72.8354,64.0312,64.0312,123.045,123.045,3
-17,159,159.906,1,98,38,105.109,1,0,0,0,0,10,-47,48.0521,1,-53,-49,72.1803,1,0,0,0,0,0,0,72.1803,72.1803,63.0317,63.0317,122.348,122.348,3
-12,161,161.447,1,102,41,109.932,1,0,0,0,0,15,-44,46.4866,1,-47,-46,65.7647,1,0,0,0,0,0,0,65.7647,65.7647,62.0322,62.0322,121.631,121.631,3
-11,161,161.375,1,105,41,112.721,1,0,0,0,0,16,-45,47.7598,1,-47,-47,66.468,1,0,0,0,0,0,0,66.468,66.468,63.0317,63.0317,123.762,123.762,3
-16,161,161.793,1,100,40,107.703,1,0,0,0,0,11,-46,47.2969,1,-52,-47,70.0928,1,0,0,0,0,0,0,70.0928,70.0928,63.0079,63.0079,123.762,123.762,3
-11,167,167.362,1,102,44,111.086,1,0,0,0,0,15,-39,41.7852,1,-47,-40,61.7171,1,0,0,0,0,0,0,61.7171,61.7171,62.0081,62.0081,120.241,120.241,3
-8,167,167.192,1,107,47,116.867,1,0,0,0,0,18,-39,42.9535,1,-44,-41,60.1415,1,0,0,0,0,0,0,60.1415,60.1415,62.0322,62.0322,123.762,123.762,3
-13,162,162.521,1,103,42,111.234,1,0,0,0,0,13,-44,45.8803,1,-51,-46,68.6804,1,0,0,0,0,0,0,68.6804,68.6804,64.0312,64.0312,124.483,124.483,3
-13,161,161.524,1,101,39,108.268,1,0,0,0,0,13,-46,47.8017,1,-49,-47,67.897,1,0,0,0,0,0,0,67.897,67.897,62.0081,62.0081,122.348,122.348,3
-8,164,164.195,1,107,42,114.948,1,0,0,0,0,21,-42,46.9574,1,-42,-44,60.8276,1,0,0,0,0,0,0,60.8276,60.8276,63.0317,63.0317,120.216,120.216,3
-8,165,165.194,1,109,45,117.924,1,0,0,0,0,23,-40,46.1411,1,-44,-42,60.8276,1,0,0,0,0,0,0,60.8276,60.8276,67.0298,67.0298,120.917,120.917,3
-11,163,163.371,1,105,42,113.088,1,0,0,0,0,19,-43,47.0106,1,-48,-44,65.1153,1,0,0,0,0,0,0,65.1153,65.1153,67.0075,67.0075,120.917,120.917,3
-8,162,162.197,1,106,40,113.296,1,0,0,0,0,22,-44,49.1935,1,-44,-45,62.9365,1,0,0,0,0,0,0,62.9365,62.9365,66.0076,66.0076,118.794,118.794,3
-4,162,162.049,1,112,41,119.269,1,0,0,0,0,27,-44,51.6236,1,-41,-44,60.1415,1,0,0,0,0,0,0,60.1415,60.1415,68,68,120.208,120.208,3
-8,161,161.199,1,110,39,116.709,1,0,0,0,0,23,-45,50.5371,1,-45,-46,64.3506,1,0,0,0,0,0,0,64.3506,64.3506,68.0074,68.0074,120.934,120.934,3
-7,161,161.152,1,108,39,114.826,1,0,0,0,0,23,-45,50.5371,1,-43,-46,62.9682,1,0,0,0,0,0,0,62.9682,62.9682,66.0076,66.0076,119.503,119.503,3
-4,161,161.05,1,113,40,119.871,1,0,0,0,0,27,-44,51.6236,1,-39,-46,60.3075,1,0,0,0,0,0,0,60.3075,60.3075,66.0303,66.0303,120.216,120.216,3
-4,165,165.048,1,112,43,119.971,1,0,0,0,0,26,-40,47.7074,1,-39,-43,58.0517,1,0,0,0,0,0,0,58.0517,58.0517,65.0692,65.0692,119.52,119.52,3
-6,167,167.108,1,110,45,118.849,1,0,0,0,0,22,-39,44.7772,1,-42,-42,59.397,1,0,0,0,0,0,0,59.397,59.397,64.0703,64.0703,121.655,121.655,3
-5,167,167.075,1,110,45,118.849,1,0,0,0,0,22,-38,43.909,1,-41,-42,58.6941,1,0,0,0,0,0,0,58.6941,58.6941,63.1269,63.1269,120.967,120.967,3
-4,166,166.048,1,112,44,120.333,1,0,0,0,0,23,-40,46.1411,1,-39,-45,59.5483,1,0,0,0,0,0,0,59.5483,59.5483,62.2013,62.2013,122.381,122.381,3
-9,165,165.245,1,110,42,117.745,1,0,0,0,0,20,-42,46.5188,1,-44,-46,63.6553,1,0,0,0,0,0,0,63.6553,63.6553,64.1249,64.1249,123.11,123.11,3
-10,169,169.296,1,106,45,115.156,1,0,0,0,0,19,-38,42.4853,1,-44,-42,60.8276,1,0,0,0,0,0,0,60.8276,60.8276,63.1269,63.1269,120.241,120.241,3
-5,175,175.071,1,112,52,123.483,1,0,0,0,0,26,-32,41.2311,1,-38,-36,52.345,1,0,0,0,0,0,0,52.345,52.345,64.1249,64.1249,120.216,120.216,3
-6,176,176.102,1,113,54,125.24,1,0,0,0,0,25,-31,39.8246,1,-40,-36,53.8145,1,0,0,0,0,0,0,53.8145,53.8145,65.192,65.192,122.348,122.348,3
-9,174,174.233,1,109,53,121.202,1,0,0,0,0,22,-33,39.6611,1,-42,-38,56.6392,1,0,0,0,0,0,0,56.6392,56.6392,64.195,64.195,122.332,122.332,3
-5,176,176.071,1,112,54,124.338,1,0,0,0,0,26,-30,39.6989,1,-37,-36,51.6236,1,0,0,0,0,0,0,51.6236,51.6236,63.2851,63.2851,120.216,120.216,3
-2,179,179.011,1,116,58,129.692,1,0,0,0,0,29,-27,39.6232,1,-33,-35,48.1041,1,0,0,0,0,0,0,48.1041,48.1041,62.514,62.514,121.631,121.631,3
-4,177,177.045,1,114,57,127.456,1,0,0,0,0,27,-28,38.8973,1,-33,-37,49.5782,1,0,0,0,0,0,0,49.5782,49.5782,60.6712,60.6712,121.631,121.631,3
0,174,174,1,117,55,129.283,1,0,0,0,0,31,-30,43.1393,1,-27,-39,47.4342,1,0,0,0,0,0,0,47.4342,47.4342,58.6941,58.6941,120.917,120.917,3
5,173,173.072,1,123,54,134.332,1,0,0,0,0,36,-31,47.5079,1,-22,-41,46.5296,1,0,0,0,0,0,0,46.5296,46.5296,58.8558,58.8558,121.631,121.631,3
4,171,171.047,1,123,53,133.933,1,0,0,0,0,34,-32,46.6905,1,-25,-41,48.0208,1,0,0,0,0,0,0,48.0208,48.0208,59.6825,59.6825,123.069,123.069,3
5,171,171.073,1,122,52,132.62,1,0,0,0,0,34,-33,47.3814,1,-26,-41,48.5489,1,0,0,0,0,0,0,48.5489,48.5489,60.531,60.531,122.348,122.348,3
4,169,169.047,1,122,50,131.848,1,0,0,0,0,32,-35,47.4236,1,-29,-43,51.8652,1,0,0,0,0,0,0,51.8652,51.8652,61.5224,61.5224,123.794,123.794,3
0,167,167,1,117,46,125.718,1,0,0,0,0,26,-37,45.2217,1,-34,-45,56.4004,1,0,0,0,0,0,0,56.4004,56.4004,60.531,60.531,123.167,123.167,3
-1,164,164.003,1,115,44,123.13,1,0,0,0,0,23,-40,46.1411,1,-36,-47,59.203,1,0,0,0,0,0,0,59.203,59.203,59.4138,59.4138,124.579,124.579,3
-3,159,159.028,1,112,40,118.929,1,0,0,0,0,19,-44,47.927,1,-38,-51,63.6003,1,0,0,0,0,0,0,63.6003,63.6003,57.4282,57.4282,125.32,125.32,3
-2,156,156.013,1,113,36,118.596,1,0,0,0,0,21,-48,52.3927,1,-36,-54,64.8999,1,0,0,0,0,0,0,64.8999,64.8999,57.3149,57.3149,124.579,124.579,3
-2,155,155.013,1,114,35,119.252,1,0,0,0,0,20,-48,52,1,-40,-54,67.2012,1,0,0,0,0,0,0,67.2012,67.2012,60.2993,60.2993,125.399,125.399,3
-6,156,156.115,1,109,34,114.18,1,0,0,0,0,15,-47,49.3356,1,-44,-52,68.1175,1,0,0,0,0,0,0,68.1175,68.1175,59.2115,59.2115,124.085,124.085,3
-6,160,160.112,1,107,37,113.217,1,0,0,0,0,15,-43,45.5412,1,-45,-48,65.7951,1,0,0,0,0,0,0,65.7951,65.7951,60.208,60.208,121.918,121.918,3
-5,163,163.077,1,108,40,115.169,1,0,0,0,0,15,-41,43.6578,1,-46,-45,64.3506,1,0,0,0,0,0,0,64.3506,64.3506,61.131,61.131,123.329,123.329,3
-7,167,167.147,1,105,43,113.464,1,0,0,0,0,12,-38,39.8497,1,-48,-42,63.7809,1,0,0,0,0,0,0,63.7809,63.7809,60.1332,60.1332,123.329,123.329,3
-7,170,170.144,1,105,46,114.634,1,0,0,0,0,14,-37,39.5601,1,-48,-41,63.1269,1,0,0,0,0,0,0,63.1269,63.1269,62.1289,62.1289,123.167,123.167,3
-8,171,171.187,1,104,47,114.127,1,0,0,0,0,13,-37,39.2173,1,-49,-41,63.8905,1,0,0,0,0,0,0,63.8905,63.8905,62.1289,62.1289,123.843,123.843,3
-7,172,172.142,1,104,47,114.127,1,0,0,0,0,14,-37,39.5601,1,-47,-41,62.3699,1,0,0,0,0,0,0,62.3699,62.3699,61.131,61.131,123.11,123.11,3
-5,172,172.073,1,106,47,115.953,1,0,0,0,0,16,-38,41.2311,1,-46,-42,62.2896,1,0,0,0,0,0,0,62.2896,62.2896,62.1289,62.1289,123.794,123.794,3
-5,169,169.074,1,106,44,114.769,1,0,0,0,0,15,-40,42.72,1,-48,-43,64.4438,1,0,0,0,0,0,0,64.4438,64.4438,63.0714,63.0714,123.843,123.843,3
-2,167,167.012,1,107,42,114.948,1,0,0,0,0,17,-41,44.3847,1,-43,-45,62.2415,1,0,0,0,0,0,0,62.2415,62.2415,60.1332,60.1332,122.43,122.43,3
4,165,165.048,1,114,42,121.491,1,0,0,0,0,24,-41,47.5079,1,-35,-45,57.0088,1,0,0,0,0,0,0,57.0088,57.0088,59.1354,59.1354,122.43,122.43,3
8,164,164.195,1,118,42,125.252,1,0,0,0,0,28,-41,49.6488,1,-29,-45,53.535,1,0,0,0,0,0,0,53.535,53.535,57.1402,57.1402,122.43,122.43,3
12,161,161.447,1,122,40,128.39,1,0,0,0,0,32,-43,53.6004,1,-24,-48,53.6656,1,0,0,0,0,0,0,53.6656,53.6656,56.2228,56.2228,122.43,122.43,3
13,157,157.537,1,123,36,128.16,1,0,0,0,0,32,-46,56.0357,1,-23,-51,55.9464,1,0,0,0,0,0,0,55.9464,55.9464,55.2268,55.2268,122.495,122.495,3
12,152,152.473,1,123,32,127.094,1,0,0,0,0,31,-50,58.8303,1,-24,-55,60.0083,1,0,0,0,0,0,0,60.0083,60.0083,55.2268,55.2268,123.24,123.24,3
8,147,147.218,1,120,27,123,1,0,0,0,0,28,-55,61.7171,1,-27,-59,64.8845,1,0,0,0,0,0,0,64.8845,64.8845,55.1453,55.1453,123.24,123.24,3
4,148,148.054,1,116,27,119.101,1,0,0,0,0,25,-54,59.5063,1,-29,-58,64.846,1,0,0,0,0,0,0,64.846,64.846,54.1479,54.1479,121.828,121.828,3
-2,149,149.013,1,112,30,115.948,1,0,0,0,0,22,-51,55.5428,1,-33,-57,65.8635,1,0,0,0,0,0,0,65.8635,65.8635,55.3263,55.3263,121.083,121.083,3
-10,150,150.333,1,104,31,108.522,1,0,0,0,0,15,-50,52.2015,1,-40,-56,68.8186,1,0,0,0,0,0,0,68.8186,68.8186,55.3263,55.3263,120.341,120.341,3
-16,150,150.851,1,99,32,104.043,1,0,0,0,0,11,-51,52.1728,1,-45,-57,72.6223,1,0,0,0,0,0,0,72.6223,72.6223,56.3205,56.3205,120.967,120.967,3
-23,151,152.742,1,93,33,98.6813,1,0,0,0,0,5,-50,50.2494,1,-51,-57,76.4853,1,0,0,0,0,0,0,76.4853,76.4853,56.4358,56.4358,120.967,120.967,3
-27,153,155.364,1,89,34,95.2733,1,0,0,0,0,2,-49,49.0408,1,-55,-56,78.492,1,0,0,0,0,0,0,78.492,78.492,57.4282,57.4282,120.241,120.241,3
-32,154,157.29,1,85,35,91.9239,1,0,0,0,0,-2,-48,48.0416,1,-60,-55,81.3941,1,0,0,0,0,0,0,81.3941,81.3941,58.4209,58.4209,120.241,120.241,3
-38,157,161.533,1,78,37,86.3308,1,0,0,0,0,-8,-46,46.6905,1,-66,-53,84.6463,1,0,0,0,0,0,0,84.6463,84.6463,58.4209,58.4209,119.52,119.52,3
-39,162,166.628,1,75,41,85.4751,1,0,0,0,0,-10,-41,42.2019,1,-68,-47,82.662,1,0,0,0,0,0,0,82.662,82.662,58.3095,58.3095,118.106,118.106,3
-40,166,170.751,1,75,44,86.954,1,0,0,0,0,-11,-38,39.5601,1,-69,-44,81.8352,1,0,0,0,0,0,0,81.8352,81.8352,58.3095,58.3095,118.828,118.828,3
-47,168,174.451,1,69,45,82.3772,1,0,0,0,0,-19,-37,41.5933,1,-77,-43,88.193,1,0,0,0,0,0,0,88.193,88.193,58.3095,58.3095,120.283,120.283,3
-49,172,178.844,1,64,48,80,1,0,0,0,0,-22,-34,40.4969,1,-79,-40,88.5494,1,0,0,0,0,0,0,88.5494,88.5494,57.3149,57.3149,118.828,118.828,3
-42,177,181.915,1,71,52,88.0057,1,0,0,0,0,-15,-30,33.541,1,-72,-36,80.4984,1,0,0,0,0,0,0,80.4984,80.4984,57.3149,57.3149,118.828,118.828,3
-39,180,184.177,1,75,56,93.6002,1,0,0,0,0,-12,-27,29.5466,1,-70,-32,76.9675,1,0,0,0,0,0,0,76.9675,76.9675,58.2151,58.2151,120.241,120.241,3
-38,184,187.883,1,76,59,96.2133,1,0,0,0,0,-12,-23,25.9422,1,-70,-28,75.3923,1,0,0,0,0,0,0,75.3923,75.3923,58.2151,58.2151,120.283,120.283,3
-33,190,192.844,1,78,63,100.265,1,0,0,0,0,-9,-19,21.0238,1,-67,-23,70.8378,1,0,0,0,0,0,0,70.8378,70.8378,58.1378,58.1378,119.553,119.553,3
-24,193,194.487,1,87,66,109.202,1,0,0,0,0,-1,-18,18.0278,1,-62,-21,65.4599,1,0,0,0,0,0,0,65.4599,65.4599,61.0737,61.0737,121.655,121.655,3
-20,188,189.061,1,91,60,109,1,0,0,0,0,0,-24,24,1,-64,-26,69.0797,1,0,0,0,0,0,0,69.0797,69.0797,64.0312,64.0312,123.843,123.843,3
-14,183,183.535,1,95,53,108.784,1,0,0,0,0,4,-30,30.2655,1,-59,-30,66.1891,1,0,0,0,0,0,0,66.1891,66.1891,63,63,123.167,123.167,3
-3,178,178.025,1,104,49,114.965,1,0,0,0,0,12,-33,35.1141,1,-49,-33,59.0762,1,0,0,0,0,0,0,59.0762,59.0762,61,61,123.24,123.24,3
-2,172,172.012,1,107,44,115.694,1,0,0,0,0,11,-37,38.6005,1,-48,-38,61.2209,1,0,0,0,0,0,0,61.2209,61.2209,59.0085,59.0085,125.607,125.607,3
0,169,169,1,107,39,113.886,1,0,0,0,0,10,-40,41.2311,1,-48,-41,63.1269,1,0,0,0,0,0,0,63.1269,63.1269,58.0086,58.0086,125.1,125.1,3
0,169,169,1,108,38,114.49,1,0,0,0,0,12,-40,41.7612,1,-49,-39,62.6259,1,0,0,0,0,0,0,62.6259,62.6259,61.0082,61.0082,123.693,123.693,3
1,170,170.003,1,108,41,115.521,1,0,0,0,0,15,-37,39.9249,1,-43,-38,57.3847,1,0,0,0,0,0,0,57.3847,57.3847,58.0086,58.0086,121.38,121.38,3
5,168,168.074,1,114,41,121.149,1,0,0,0,0,22,-37,43.0465,1,-35,-41,53.9073,1,0,0,0,0,0,0,53.9073,53.9073,57.1402,57.1402,120.615,120.615,3
4,163,163.049,1,116,38,122.066,1,0,0,0,0,19,-42,46.0977,1,-36,-48,60,1,0,0,0,0,0,0,60,60,55.3263,55.3263,125.734,125.734,3
-2,155,155.013,1,111,31,115.248,1,0,0,0,0,11,-50,51.1957,1,-39,-57,69.0652,1,0,0,0,0,0,0,69.0652,69.0652,50.4876,50.4876,128.69,128.69,3
1,153,153.003,1,114,28,117.388,1,0,0,0,0,15,-52,54.1202,1,-33,-60,68.4763,1,0,0,0,0,0,0,68.4763,68.4763,48.6621,48.6621,127.283,127.283,3
-7,154,154.159,1,110,28,113.508,1,0,0,0,0,6,-51,51.3517,1,-40,-59,71.2811,1,0,0,0,0,0,0,71.2811,71.2811,46.6905,46.6905,130.602,130.602,3
-15,158,158.71,1,97,30,101.533,1,0,0,0,0,-8,-45,45.7056,1,-49,-52,71.4493,1,0,0,0,0,0,0,71.4493,71.4493,41.5933,41.5933,129.035,129.035,3
-15,165,165.68,1,95,35,101.242,1,0,0,0,0,-13,-38,40.1622,1,-52,-46,69.4262,1,0,0,0,0,0,0,69.4262,69.4262,39.8121,39.8121,130.357,130.357,3
-17,167,167.863,1,93,39,100.846,1,0,0,0,0,-11,-38,39.5601,1,-57,-44,72.0069,1,0,0,0,0,0,0,72.0069,72.0069,46.3897,46.3897,129.402,129.402,3
-21,166,167.323,1,90,39,98.0867,1,0,0,0,0,-9,-40,41,1,-60,-46,75.6042,1,0,0,0,0,0,0,75.6042,75.6042,51.3517,51.3517,126.657,126.657,3
-26,166,168.024,1,86,39,94.4299,1,0,0,0,0,-11,-39,40.5216,1,-64,-45,78.2368,1,0,0,0,0,0,0,78.2368,78.2368,53.3385,53.3385,124.471,124.471,3
-27,168,170.156,1,84,42,93.9149,1,0,0,0,0,-13,-36,38.2753,1,-62,-43,75.452,1,0,0,0,0,0,0,75.452,75.452,49.4975,49.4975,124.471,124.471,3
-24,169,170.696,1,87,44,97.4936,1,0,0,0,0,-8,-34,34.9285,1,-57,-42,70.8025,1,0,0,0,0,0,0,70.8025,70.8025,49.6488,49.6488,122.919,122.919,3
-23,171,172.54,1,90,47,101.533,1,0,0,0,0,-3,-33,33.1361,1,-55,-40,68.0074,1,0,0,0,0,0,0,68.0074,68.0074,52.469,52.469,122.674,122.674,3
-24,170,171.686,1,89,46,100.185,1,0,0,0,0,-3,-35,35.1283,1,-59,-43,73.0068,1,0,0,0,0,0,0,73.0068,73.0068,56.5685,56.5685,122.577,122.577,3
-28,167,169.331,1,87,43,97.0464,1,0,0,0,0,-8,-40,40.7922,1,-66,-46,80.4487,1,0,0,0,0,0,0,80.4487,80.4487,58.3095,58.3095,126.151,126.151,3
-30,166,168.689,1,84,40,93.0376,1,0,0,0,0,-10,-42,43.1741,1,-70,-47,84.3149,1,0,0,0,0,0,0,84.3149,84.3149,60.208,60.208,124.74,124.74,3
-29,168,170.485,1,85,41,94.3716,1,0,0,0,0,-5,-40,40.3113,1,-67,-45,80.7094,1,0,0,0,0,0,0,80.7094,80.7094,62.2013,62.2013,121.083,121.083,3
-29,172,174.428,1,86,45,97.0618,1,0,0,0,0,-4,-37,37.2156,1,-69,-41,80.2621,1,0,0,0,0,0,0,80.2621,80.2621,65.123,65.123,121.754,121.754,3
-28,175,177.226,1,86,48,98.4886,1,0,0,0,0,-5,-34,34.3657,1,-68,-39,78.3901,1,0,0,0,0,0,0,78.3901,78.3901,63.1981,63.1981,122.495,122.495,3
-28,172,174.264,1,88,47,99.7647,1,0,0,0,0,-4,-37,37.2156,1,-68,-43,80.455,1,0,0,0,0,0,0,80.455,80.455,64.2806,64.2806,124.579,124.579,3
-26,170,171.977,1,90,44,100.18,1,0,0,0,0,-2,-40,40.05,1,-67,-46,81.2712,1,0,0,0,0,0,0,81.2712,81.2712,65.2763,65.2763,124.579,124.579,3
-26,168,170,1,90,42,99.3177,1,0,0,0,0,-3,-42,42.107,1,-68,-48,83.2346,1,0,0,0,0,0,0,83.2346,83.2346,65.2763,65.2763,125.32,125.32,3
-26,168,170,1,88,41,97.0824,1,0,0,0,0,-1,-43,43.0116,1,-64,-49,80.604,1,0,0,0,0,0,0,80.604,80.604,63.2851,63.2851,122.381,122.381,3
-26,167,169.012,1,87,41,96.1769,1,0,0,0,0,0,-45,45,1,-65,-52,83.2406,1,0,0,0,0,0,0,83.2406,83.2406,65.3758,65.3758,122.332,122.332,3
-28,164,166.373,1,79,37,87.2353,1,0,0,0,0,-1,-50,50.01,1,-64,-57,85.703,1,0,0,0,0,0,0,85.703,85.703,63.3877,63.3877,118.191,118.191,3
-30,166,168.689,1,73,38,82.2982,1,0,0,0,0,-1,-49,49.0102,1,-64,-56,85.0412,1,0,0,0,0,0,0,85.0412,85.0412,63.3877,63.3877,114.215,114.215,3
-28,169,171.304,1,74,40,84.119,1,0,0,0,0,3,-45,45.0999,1,-58,-54,79.2465,1,0,0,0,0,0,0,79.2465,79.2465,61.6604,61.6604,110.752,110.752,3
-30,167,169.673,1,76,38,84.9706,1,0,0,0,0,3,-47,47.0956,1,-59,-57,82.0366,1,0,0,0,0,0,0,82.0366,82.0366,62.8013,62.8013,112.045,112.045,3
-31,170,172.803,1,77,37,85.4283,1,0,0,0,0,0,-47,47,1,-61,-56,82.807,1,0,0,0,0,0,0,82.807,82.807,61.6604,61.6604,113.952,113.952,3
-30,173,175.582,1,80,41,89.8944,1,0,0,0,0,-1,-44,44.0114,1,-63,-53,82.3286,1,0,0,0,0,0,0,82.3286,82.3286,62.6498,62.6498,117.414,117.414,3
-34,175,178.272,1,81,44,92.1792,1,0,0,0,0,-5,-43,43.2897,1,-65,-52,83.2406,1,0,0,0,0,0,0,83.2406,83.2406,60.6712,60.6712,122.332,122.332,3
-31,179,181.665,1,85,48,97.6166,1,0,0,0,0,-3,-40,40.1123,1,-62,-49,79.0253,1,0,0,0,0,0,0,79.0253,79.0253,59.6825,59.6825,124.451,124.451,3
-32,181,183.807,1,87,49,99.8499,1,0,0,0,0,-4,-38,38.2099,1,-63,-48,79.2023,1,0,0,0,0,0,0,79.2023,79.2023,59.8415,59.8415,125.897,125.897,3
-31,182,184.621,1,84,49,97.2471,1,0,0,0,0,-3,-38,38.1182,1,-62,-47,77.801,1,0,0,0,0,0,0,77.801,77.801,59.6825,59.6825,123.037,123.037,3
-28,184,186.118,1,87,50,100.344,1,0,0,0,0,1,-37,37.0135,1,-58,-47,74.6525,1,0,0,0,0,0,0,74.6525,74.6525,59.8415,59.8415,122.332,122.332,3
-26,183,184.838,1,91,49,103.354,1,0,0,0,0,2,-39,39.0512,1,-58,-48,75.2861,1,0,0,0,0,0,0,75.2861,75.2861,60.6712,60.6712,125.16,125.16,3
-23,182,183.448,1,90,47,101.533,1,0,0,0,0,3,-40,40.1123,1,-55,-49,73.6614,1,0,0,0,0,0,0,73.6614,73.6614,58.6941,58.6941,123.037,123.037,3
-14,185,185.529,1,98,48,109.124,1,0,0,0,0,11,-38,39.5601,1,-45,-48,65.7951,1,0,0,0,0,0,0,65.7951,65.7951,56.8859,56.8859,122.332,122.332,3
-8,187,187.171,1,102,50,113.596,1,0,0,0,0,18,-37,41.1461,1,-39,-46,60.3075,1,0,0,0,0,0,0,60.3075,60.3075,57.7062,57.7062,120.934,120.934,3
-2,190,190.011,1,105,51,116.73,1,0,0,0,0,22,-35,41.3401,1,-34,-44,55.6058,1,0,0,0,0,0,0,55.6058,55.6058,56.7186,56.7186,119.52,119.52,3
9,194,194.209,1,117,55,129.283,1,0,0,0,0,31,-32,44.5533,1,-25,-40,47.1699,1,0,0,0,0,0,0,47.1699,47.1699,56.5685,56.5685,122.332,122.332,3
13,193,193.437,1,125,56,136.971,1,0,0,0,0,31,-32,44.5533,1,-25,-40,47.1699,1,0,0,0,0,0,0,47.1699,47.1699,56.5685,56.5685,128.763,128.763,3
17,191,191.755,1,128,53,138.539,1,0,0,0,0,32,-35,47.4236,1,-26,-42,49.3964,1,0,0,0,0,0,0,49.3964,49.3964,58.4209,58.4209,130.231,130.231,3
24,190,191.51,1,133,50,142.088,1,0,0,0,0,34,-35,48.7955,1,-26,-40,47.7074,1,0,0,0,0,0,0,47.7074,47.7074,60.208,60.208,130.484,130.484,3
27,189,190.919,1,138,48,146.11,1,0,0,0,0,35,-37,50.9313,1,-31,-39,49.8197,1,0,0,0,0,0,0,49.8197,49.8197,66.0303,66.0303,133.544,133.544,3
21,183,184.201,1,130,41,136.312,1,0,0,0,0,26,-42,49.3964,1,-43,-41,59.4138,1,0,0,0,0,0,0,59.4138,59.4138,69.0072,69.0072,133.06,133.06,3
22,178,179.354,1,128,36,132.966,1,0,0,0,0,25,-45,51.4782,1,-42,-43,60.1082,1,0,0,0,0,0,0,60.1082,60.1082,67.0298,67.0298,131.034,131.034,3
23,175,176.505,1,131,33,135.093,1,0,0,0,0,28,-48,55.5698,1,-40,-47,61.7171,1,0,0,0,0,0,0,61.7171,61.7171,68.0074,68.0074,131.034,131.034,3
17,171,171.843,1,126,30,129.522,1,0,0,0,0,26,-50,56.356,1,-42,-50,65.2993,1,0,0,0,0,0,0,65.2993,65.2993,68,68,128.062,128.062,3
12,169,169.425,1,121,28,124.197,1,0,0,0,0,23,-51,55.9464,1,-45,-51,68.0147,1,0,0,0,0,0,0,68.0147,68.0147,68,68,125.877,125.877,3
5,168,168.074,1,115,29,118.6,1,0,0,0,0,17,-51,53.7587,1,-51,-51,72.1249,1,0,0,0,0,0,0,72.1249,72.1249,68,68,126.507,126.507,3
-5,167,167.075,1,106,28,109.636,1,0,0,0,0,9,-51,51.788,1,-58,-52,77.8974,1,0,0,0,0,0,0,77.8974,77.8974,67.0075,67.0075,125.1,125.1,3
-13,167,167.505,1,99,28,102.883,1,0,0,0,0,2,-50,50.04,1,-65,-51,82.6196,1,0,0,0,0,0,0,82.6196,82.6196,67.0075,67.0075,124.471,124.471,3
-21,171,172.285,1,93,33,98.6813,1,0,0,0,0,-3,-46,46.0977,1,-70,-48,84.8764,1,0,0,0,0,0,0,84.8764,84.8764,67.0298,67.0298,124.326,124.326,3
-33,174,177.102,1,85,37,92.7038,1,0,0,0,0,-13,-43,44.9222,1,-79,-46,91.4166,1,0,0,0,0,0,0,91.4166,91.4166,66.0681,66.0681,126.507,126.507,3
-43,175,180.205,1,76,39,85.4225,1,0,0,0,0,-22,-43,48.3011,1,-88,-47,99.7647,1,0,0,0,0,0,0,99.7647,99.7647,66.1211,66.1211,127.781,127.781,3
-51,179,186.124,1,70,41,81.1234,1,0,0,0,0,-28,-41,49.6488,1,-94,-43,103.368,1,0,0,0,0,0,0,103.368,103.368,66.0303,66.0303,127.781,127.781,3
-54,187,194.641,1,66,48,81.6088,1,0,0,0,0,-31,-33,45.2769,1,-96,-36,102.528,1,0,0,0,0,0,0,102.528,102.528,65.0692,65.0692,126.372,126.372,3
-56,193,200.96,1,64,55,84.386,1,0,0,0,0,-32,-27,41.8688,1,-96,-30,100.578,1,0,0,0,0,0,0,100.578,100.578,64.0703,64.0703,126.254,126.254,3
-54,198,205.232,1,65,60,88.459,1,0,0,0,0,-31,-23,38.6005,1,-94,-26,97.5295,1,0,0,0,0,0,0,97.5295,97.5295,63.0714,63.0714,126.905,126.905,3
-46,200,205.222,1,73,63,96.4261,1,0,0,0,0,-23,-22,31.8277,1,-86,-25,89.56,1,0,0,0,0,0,0,89.56,89.56,63.0714,63.0714,128.222,128.222,3
-42,199,203.384,1,79,63,101.045,1,0,0,0,0,-19,-22,29.0689,1,-83,-25,86.6833,1,0,0,0,0,0,0,86.6833,86.6833,64.0703,64.0703,129.727,129.727,3
-39,198,201.804,1,79,63,101.045,1,0,0,0,0,-18,-21,27.6586,1,-80,-25,83.8153,1,0,0,0,0,0,0,83.8153,83.8153,62.1289,62.1289,128.316,128.316,3
-30,194,196.306,1,87,62,106.832,1,0,0,0,0,-10,-22,24.1661,1,-70,-26,74.6726,1,0,0,0,0,0,0,74.6726,74.6726,60.1332,60.1332,128.316,128.316,3
-28,184,186.118,1,90,58,107.07,1,0,0,0,0,-6,-27,27.6586,1,-66,-32,73.3485,1,0,0,0,0,0,0,73.3485,73.3485,60.208,60.208,128.222,128.222,3
-26,173,174.943,1,90,50,102.956,1,0,0,0,0,-3,-33,33.1361,1,-62,-38,72.7186,1,0,0,0,0,0,0,72.7186,72.7186,59.2115,59.2115,124.652,124.652,3
-23,165,166.595,1,92,44,101.98,1,0,0,0,0,0,-37,37,1,-58,-42,71.6101,1,0,0,0,0,0,0,71.6101,71.6101,58.2151,58.2151,122.577,122.577,3
-23,161,162.635,1,92,40,100.319,1,0,0,0,0,0,-39,39,1,-58,-44,72.8011,1,0,0,0,0,0,0,72.8011,72.8011,58.2151,58.2151,121.264,121.264,3
-27,158,160.29,1,89,37,96.3846,1,0,0,0,0,-4,-41,41.1947,1,-63,-46,78.0064,1,0,0,0,0,0,0,78.0064,78.0064,59.2115,59.2115,121.38,121.38,3
-31,158,161.012,1,84,35,91,1,0,0,0,0,-8,-44,44.7214,1,-67,-49,83.006,1,0,0,0,0,0,0,83.006,83.006,59.2115,59.2115,121.264,121.264,3
-33,163,166.307,1,84,38,92.1954,1,0,0,0,0,-9,-42,42.9535,1,-69,-46,82.9277,1,0,0,0,0,0,0,82.9277,82.9277,60.1332,60.1332,122.674,122.674,3
-34,173,176.309,1,84,44,94.8262,1,0,0,0,0,-11,-37,38.6005,1,-73,-40,83.2406,1,0,0,0,0,0,0,83.2406,83.2406,62.0725,62.0725,124.844,124.844,3
-35,182,185.335,1,83,51,97.4166,1,0,0,0,0,-14,-32,34.9285,1,-76,-35,83.672,1,0,0,0,0,0,0,83.672,83.672,62.0725,62.0725,127.664,127.664,3
-32,188,190.704,1,86,55,102.083,1,0,0,0,0,-11,-29,31.0161,1,-73,-31,79.3095,1,0,0,0,0,0,0,79.3095,79.3095,62.0322,62.0322,128.316,128.316,3
-27,191,192.899,1,92,59,109.293,1,0,0,0,0,-5,-26,26.4764,1,-66,-28,71.6938,1,0,0,0,0,0,0,71.6938,71.6938,61.0328,61.0328,128.973,128.973,3
-19,192,192.938,1,99,63,117.346,1,0,0,0,0,3,-23,23.1948,1,-57,-27,63.0714,1,0,0,0,0,0,0,63.0714,63.0714,60.1332,60.1332,128.888,128.888,3
-12,189,189.381,1,107,63,124.169,1,0,0,0,0,11,-24,26.4008,1,-49,-29,56.9386,1,0,0,0,0,0,0,56.9386,56.9386,60.208,60.208,129.557,129.557,3
-6,184,184.098,1,111,59,125.706,1,0,0,0,0,16,-27,31.3847,1,-43,-32,53.6004,1,0,0,0,0,0,0,53.6004,53.6004,59.2115,59.2115,128.144,128.144,3
-1,177,177.003,1,118,54,129.769,1,0,0,0,0,23,-32,39.4081,1,-36,-37,51.6236,1,0,0,0,0,0,0,51.6236,51.6236,59.2115,59.2115,128.144,128.144,3
1,173,173.003,1,120,51,130.388,1,0,0,0,0,26,-34,42.8019,1,-33,-40,51.8556,1,0,0,0,0,0,0,51.8556,51.8556,59.3043,59.3043,126.732,126.732,3
2,171,171.012,1,121,50,130.924,1,0,0,0,0,27,-35,44.2041,1,-33,-40,51.8556,1,0,0,0,0,0,0,51.8556,51.8556,60.208,60.208,126.732,126.732,3
-4,166,166.048,1,118,46,126.649,1,0,0,0,0,22,-40,45.6508,1,-39,-46,60.3075,1,0,0,0,0,0,0,60.3075,60.3075,61.2944,61.2944,128.888,128.888,3
-13,162,162.521,1,109,39,115.767,1,0,0,0,0,12,-46,47.5395,1,-50,-52,72.1388,1,0,0,0,0,0,0,72.1388,72.1388,62.2896,62.2896,128.973,128.973,3
-19,164,165.097,1,102,37,108.503,1,0,0,0,0,4,-47,47.1699,1,-58,-51,77.2334,1,0,0,0,0,0,0,77.2334,77.2334,62.1289,62.1289,129.074,129.074,3
-20,173,174.152,1,99,43,107.935,1,0,0,0,0,2,-41,41.0488,1,-60,-43,73.8173,1,0,0,0,0,0,0,73.8173,73.8173,62.0322,62.0322,128.316,128.316,3
-22,184,185.311,1,99,53,112.294,1,0,0,0,0,1,-31,31.0161,1,-61,-34,69.8355,1,0,0,0,0,0,0,69.8355,69.8355,62.0725,62.0725,129.074,129.074,3
-24,190,191.51,1,96,59,112.681,1,0,0,0,0,-2,-26,26.0768,1,-64,-29,70.2638,1,0,0,0,0,0,0,70.2638,70.2638,62.0725,62.0725,129.727,129.727,3
-22,195,196.237,1,96,64,115.378,1,0,0,0,0,1,-20,20.025,1,-60,-23,64.2573,1,0,0,0,0,0,0,64.2573,64.2573,61.0737,61.0737,126.811,126.811,3
-15,198,198.567,1,102,70,123.709,1,0,0,0,0,8,-15,17,1,-52,-19,55.3624,1,0,0,0,0,0,0,55.3624,55.3624,60.1332,60.1332,126.732,126.732,3
-14,194,194.504,1,103,69,123.976,1,0,0,0,0,9,-16,18.3576,1,-51,-21,55.1543,1,0,0,0,0,0,0,55.1543,55.1543,60.208,60.208,126.732,126.732,3
-13,187,187.451,1,103,65,121.795,1,0,0,0,0,11,-20,22.8254,1,-47,-25,53.2353,1,0,0,0,0,0,0,53.2353,53.2353,58.2151,58.2151,125.256,125.256,3
-8,180,180.178,1,109,60,124.423,1,0,0,0,0,17,-26,31.0644,1,-41,-32,52.0096,1,0,0,0,0,0,0,52.0096,52.0096,58.3095,58.3095,125.936,125.936,3
-10,175,175.285,1,109,54,121.643,1,0,0,0,0,16,-31,34.8855,1,-43,-37,56.7274,1,0,0,0,0,0,0,56.7274,56.7274,59.3043,59.3043,125.992,125.992,3
-12,171,171.421,1,107,50,118.106,1,0,0,0,0,14,-35,37.6962,1,-46,-41,61.6198,1,0,0,0,0,0,0,61.6198,61.6198,60.2993,60.2993,125.992,125.992,3
-16,170,170.751,1,104,47,114.127,1,0,0,0,0,10,-38,39.2938,1,-51,-44,67.3573,1,0,0,0,0,0,0,67.3573,67.3573,61.2944,61.2944,126.732,126.732,3
-24,170,171.686,1,98,45,107.838,1,0,0,0,0,1,-41,41.0122,1,-62,-46,77.201,1,0,0,0,0,0,0,77.201,77.201,63.1981,63.1981,129.634,129.634,3
-39,171,175.391,1,83,42,93.0215,1,0,0,0,0,-17,-42,45.31,1,-80,-46,92.2822,1,0,0,0,0,0,0,92.2822,92.2822,63.1269,63.1269,130.599,130.599,3
-39,174,178.317,1,79,42,89.4707,1,0,0,0,0,-17,-42,45.31,1,-80,-46,92.2822,1,0,0,0,0,0,0,92.2822,92.2822,63.1269,63.1269,127.562,127.562,3
-35,179,182.39,1,85,46,96.6488,1,0,0,0,0,-13,-39,41.1096,1,-76,-43,87.3212,1,0,0,0,0,0,0,87.3212,87.3212,63.1269,63.1269,129.727,129.727,3
-37,182,185.723,1,85,48,97.6166,1,0,0,0,0,-15,-38,40.8534,1,-79,-42,89.4707,1,0,0,0,0,0,0,89.4707,89.4707,64.1249,64.1249,131.894,131.894,3
-36,184,187.489,1,83,50,96.8969,1,0,0,0,0,-15,-36,39,1,-78,-38,86.764,1,0,0,0,0,0,0,86.764,86.764,63.0317,63.0317,130.384,130.384,3
-30,189,191.366,1,89,55,104.623,1,0,0,0,0,-8,-30,31.0483,1,-71,-33,78.2943,1,0,0,0,0,0,0,78.2943,78.2943,63.0714,63.0714,128.973,128.973,3
-28,193,195.021,1,91,60,109,1,0,0,0,0,-6,-24,24.7386,1,-69,-27,74.0945,1,0,0,0,0,0,0,74.0945,74.0945,63.0714,63.0714,128.316,128.316,3
-21,196,197.122,1,95,65,115.109,1,0,0,0,0,0,-20,20,1,-59,-23,63.3246,1,0,0,0,0,0,0,63.3246,63.3246,59.0762,59.0762,127.475,127.475,3
-8,190,190.168,1,109,65,126.909,1,0,0,0,0,14,-22,26.0768,1,-45,-28,53,1,0,0,0,0,0,0,53,53,59.3043,59.3043,128.818,128.818,3
-8,177,177.181,1,113,54,125.24,1,0,0,0,0,16,-34,37.5766,1,-45,-40,60.208,1,0,0,0,0,0,0,60.208,60.208,61.2944,61.2944,130.969,130.969,3
-12,167,167.431,1,109,43,117.175,1,0,0,0,0,12,-43,44.643,1,-50,-49,70.0071,1,0,0,0,0,0,0,70.0071,70.0071,62.2896,62.2896,129.634,129.634,3
-13,165,165.511,1,106,40,113.296,1,0,0,0,0,10,-45,46.0977,1,-50,-50,70.7107,1,0,0,0,0,0,0,70.7107,70.7107,60.208,60.208,128.222,128.222,3
-14,162,162.604,1,108,38,114.49,1,0,0,0,0,10,-48,49.0306,1,-52,-54,74.9667,1,0,0,0,0,0,0,74.9667,74.9667,62.2896,62.2896,130.384,130.384,3
-22,160,161.505,1,100,33,105.304,1,0,0,0,0,1,-52,52.0096,1,-61,-57,83.4865,1,0,0,0,0,0,0,83.4865,83.4865,62.2013,62.2013,130.484,130.484,3
-24,163,164.757,1,96,33,101.514,1,0,0,0,0,-1,-50,50.01,1,-63,-54,82.9759,1,0,0,0,0,0,0,82.9759,82.9759,62.1289,62.1289,127.664,127.664,3
-25,168,169.85,1,96,37,102.883,1,0,0,0,0,-2,-46,46.0435,1,-65,-49,81.4002,1,0,0,0,0,0,0,81.4002,81.4002,63.0714,63.0714,128.425,128.425,3
-29,177,179.36,1,92,43,101.553,1,0,0,0,0,-7,-39,39.6232,1,-71,-41,81.9878,1,0,0,0,0,0,0,81.9878,81.9878,64.0312,64.0312,128.55,128.55,3
-32,185,187.747,1,88,50,101.213,1,0,0,0,0,-13,-32,34.5398,1,-76,-33,82.8553,1,0,0,0,0,0,0,82.8553,82.8553,63.0079,63.0079,130.096,130.096,3
-30,194,196.306,1,86,57,103.175,1,0,0,0,0,-12,-24,26.8328,1,-75,-24,78.7464,1,0,0,0,0,0,0,78.7464,78.7464,63,63,127.142,127.142,3
-22,199,200.212,1,93,64,112.894,1,0,0,0,0,-5,-17,17.72,1,-66,-18,68.4105,1,0,0,0,0,0,0,68.4105,68.4105,61.0082,61.0082,127.142,127.142,3
-17,201,201.718,1,98,68,119.281,1,0,0,0,0,0,-13,13,1,-60,-14,61.6117,1,0,0,0,0,0,0,61.6117,61.6117,60.0083,60.0083,127.142,127.142,3
-9,199,199.203,1,103,70,124.535,1,0,0,0,0,8,-12,14.4222,1,-50,-13,51.6624,1,0,0,0,0,0,0,51.6624,51.6624,58.0086,58.0086,125.495,125.495,3
1,196,196.003,1,113,70,132.925,1,0,0,0,0,20,-12,23.3238,1,-38,-15,40.8534,1,0,0,0,0,0,0,40.8534,40.8534,58.0775,58.0775,123.988,123.988,3
9,190,190.213,1,123,66,139.589,1,0,0,0,0,28,-16,32.249,1,-29,-20,35.2278,1,0,0,0,0,0,0,35.2278,35.2278,57.1402,57.1402,125.495,125.495,3
11,184,184.329,1,126,61,139.989,1,0,0,0,0,32,-21,38.2753,1,-26,-25,36.0694,1,0,0,0,0,0,0,36.0694,36.0694,58.1378,58.1378,124.74,124.74,3
14,178,178.55,1,130,57,141.947,1,0,0,0,0,36,-27,45,1,-22,-32,38.833,1,0,0,0,0,0,0,38.833,38.833,58.2151,58.2151,126.063,126.063,3
11,169,169.358,1,131,49,139.864,1,0,0,0,0,35,-36,50.2096,1,-25,-41,48.0208,1,0,0,0,0,0,0,48.0208,48.0208,60.208,60.208,128.222,128.222,3
2,163,163.012,1,123,41,129.653,1,0,0,0,0,25,-43,49.7393,1,-35,-48,59.4054,1,0,0,0,0,0,0,59.4054,59.4054,60.208,60.208,129.074,129.074,3
1,163,163.003,1,120,37,125.575,1,0,0,0,0,23,-46,51.4296,1,-38,-50,62.8013,1,0,0,0,0,0,0,62.8013,62.8013,61.131,61.131,127.664,127.664,3
-5,162,162.077,1,117,35,122.123,1,0,0,0,0,18,-49,52.2015,1,-45,-53,69.527,1,0,0,0,0,0,0,69.527,69.527,63.1269,63.1269,129.835,129.835,3
-15,160,160.702,1,108,32,112.641,1,0,0,0,0,8,-53,53.6004,1,-55,-56,78.492,1,0,0,0,0,0,0,78.492,78.492,63.0714,63.0714,131.244,131.244,3
-21,166,167.323,1,101,34,106.569,1,0,0,0,0,2,-49,49.0408,1,-62,-51,80.2808,1,0,0,0,0,0,0,80.2808,80.2808,64.0312,64.0312,129.19,129.19,3
-26,176,177.91,1,96,43,105.19,1,0,0,0,0,-4,-39,39.2046,1,-68,-41,79.404,1,0,0,0,0,0,0,79.404,79.404,64.0312,64.0312,129.321,129.321,3
-31,185,187.579,1,89,51,102.577,1,0,0,0,0,-9,-32,33.2415,1,-72,-33,79.2023,1,0,0,0,0,0,0,79.2023,79.2023,63.0079,63.0079,128.425,128.425,3
-31,193,195.474,1,88,57,104.848,1,0,0,0,0,-11,-25,27.313,1,-75,-25,79.0569,1,0,0,0,0,0,0,79.0569,79.0569,64,64,128.55,128.55,3
-33,200,202.704,1,85,64,106.4,1,0,0,0,0,-14,-17,22.0227,1,-77,-16,78.6448,1,0,0,0,0,0,0,78.6448,78.6448,63.0079,63.0079,127.914,127.914,3
-29,205,207.041,1,85,70,110.114,1,0,0,0,0,-11,-10,14.8661,1,-72,-11,72.8354,1,0,0,0,0,0,0,72.8354,72.8354,61.0082,61.0082,124.964,124.964,3
-22,205,206.177,1,91,73,116.662,1,0,0,0,0,-4,-8,8.94427,1,-64,-9,64.6297,1,0,0,0,0,0,0,64.6297,64.6297,60.0083,60.0083,124.844,124.844,3
-18,201,201.804,1,96,71,119.403,1,0,0,0,0,0,-10,10,1,-60,-12,61.1882,1,0,0,0,0,0,0,61.1882,61.1882,60.0333,60.0333,125.607,125.607,3
-15,195,195.576,1,97,67,117.89,1,0,0,0,0,2,-14,14.1421,1,-56,-15,57.9741,1,0,0,0,0,0,0,57.9741,57.9741,58.0086,58.0086,124.844,124.844,3
-8,193,193.166,1,104,65,122.642,1,0,0,0,0,10,-15,18.0278,1,-48,-17,50.9215,1,0,0,0,0,0,0,50.9215,50.9215,58.0345,58.0345,123.434,123.434,3
-7,189,189.13,1,108,63,125.032,1,0,0,0,0,12,-19,22.4722,1,-47,-22,51.8941,1,0,0,0,0,0,0,51.8941,51.8941,59.0762,59.0762,126.254,126.254,3
-12,184,184.391,1,104,57,118.596,1,0,0,0,0,7,-25,25.9615,1,-53,-28,59.9416,1,0,0,0,0,0,0,59.9416,59.9416,60.075,60.075,127.016,127.016,3
-14,181,181.541,1,102,52,114.49,1,0,0,0,0,5,-30,30.4138,1,-56,-32,64.4981,1,0,0,0,0,0,0,64.4981,64.4981,61.0328,61.0328,127.016,127.016,3
-20,181,182.102,1,99,50,110.91,1,0,0,0,0,0,-32,32,1,-62,-34,70.7107,1,0,0,0,0,0,0,70.7107,70.7107,62.0322,62.0322,128.55,128.55,3
-28,184,186.118,1,91,50,103.832,1,0,0,0,0,-8,-31,32.0156,1,-71,-33,78.2943,1,0,0,0,0,0,0,78.2943,78.2943,63.0317,63.0317,127.914,127.914,3
-31,188,190.539,1,87,52,101.356,1,0,0,0,0,-13,-30,32.6956,1,-76,-31,82.0792,1,0,0,0,0,0,0,82.0792,82.0792,63.0079,63.0079,129.321,129.321,3
-35,193,196.148,1,84,55,100.404,1,0,0,0,0,-18,-28,33.2866,1,-81,-29,86.0349,1,0,0,0,0,0,0,86.0349,86.0349,63.0079,63.0079,131.503,131.503,3
-37,198,201.427,1,81,58,99.6243,1,0,0,0,0,-21,-24,31.8904,1,-85,-24,88.3233,1,0,0,0,0,0,0,88.3233,88.3233,64,64,130.874,130.874,3
-37,206,209.296,1,80,64,102.45,1,0,0,0,0,-22,-17,27.8029,1,-85,-15,86.3134,1,0,0,0,0,0,0,86.3134,86.3134,63.0317,63.0317,130.25,130.25,3
-33,212,214.553,1,82,70,107.815,1,0,0,0,0,-19,-11,21.9545,1,-81,-9,81.4985,1,0,0,0,0,0,0,81.4985,81.4985,62.0322,62.0322,129.468,129.468,3
-25,212,213.469,1,88,73,114.337,1,0,0,0,0,-11,-9,14.2127,1,-72,-8,72.4431,1,0,0,0,0,0,0,72.4431,72.4431,61.0082,61.0082,128.55,128.55,3
-18,209,209.774,1,96,73,120.603,1,0,0,0,0,-2,-9,9.21954,1,-62,-9,62.6498,1,0,0,0,0,0,0,62.6498,62.6498,60,60,127.781,127.781,3
-7,205,205.119,1,106,73,128.705,1,0,0,0,0,10,-10,14.1421,1,-49,-11,50.2195,1,0,0,0,0,0,0,50.2195,50.2195,59.0085,59.0085,126.905,126.905,3
-1,200,200.002,1,115,70,134.629,1,0,0,0,0,18,-13,22.2036,1,-41,-15,43.6578,1,0,0,0,0,0,0,43.6578,43.6578,59.0339,59.0339,127.664,127.664,3
0,194,194,1,116,66,133.462,1,0,0,0,0,20,-17,26.2488,1,-39,-20,43.8292,1,0,0,0,0,0,0,43.8292,43.8292,59.0762,59.0762,126.905,126.905,3
2,189,189.011,1,119,62,134.183,1,0,0,0,0,23,-22,31.8277,1,-37,-25,44.6542,1,0,0,0,0,0,0,44.6542,44.6542,60.075,60.075,127.562,127.562,3
-1,185,185.003,1,118,57,131.046,1,0,0,0,0,19,-27,33.0151,1,-42,-30,51.614,1,0,0,0,0,0,0,51.614,51.614,61.0737,61.0737,129.835,129.835,3
-10,180,180.278,1,110,51,121.248,1,0,0,0,0,10,-33,34.4819,1,-52,-35,62.6817,1,0,0,0,0,0,0,62.6817,62.6817,62.0322,62.0322,130.599,130.599,3
-18,179,179.903,1,102,46,111.893,1,0,0,0,0,1,-36,36.0139,1,-62,-38,72.7186,1,0,0,0,0,0,0,72.7186,72.7186,63.0317,63.0317,130.096,130.096,3
-24,183,184.567,1,95,47,105.991,1,0,0,0,0,-7,-34,34.7131,1,-70,-34,77.8203,1,0,0,0,0,0,0,77.8203,77.8203,63,63,130.25,130.25,3
-30,188,190.379,1,89,50,102.083,1,0,0,0,0,-14,-32,34.9285,1,-78,-31,83.9345,1,0,0,0,0,0,0,83.9345,83.9345,64.0078,64.0078,131.655,131.655,3
-37,195,198.479,1,81,54,97.3499,1,0,0,0,0,-22,-26,34.0588,1,-86,-24,89.2861,1,0,0,0,0,0,0,89.2861,89.2861,64.0312,64.0312,130.419,130.419,3
-36,204,207.152,1,79,62,100.424,1,0,0,0,0,-22,-18,28.4253,1,-85,-15,86.3134,1,0,0,0,0,0,0,86.3134,86.3134,63.0714,63.0714,128.845,128.845,3
-34,210,212.735,1,81,68,105.759,1,0,0,0,0,-20,-12,23.3238,1,-84,-10,84.5931,1,0,0,0,0,0,0,84.5931,84.5931,64.0312,64.0312,128.845,128.845,3
-31,212,214.255,1,82,70,107.815,1,0,0,0,0,-19,-10,21.4709,1,-81,-7,81.3019,1,0,0,0,0,0,0,81.3019,81.3019,62.0725,62.0725,128.845,128.845,3
-24,212,213.354,1,88,73,114.337,1,0,0,0,0,-11,-7,13.0384,1,-72,-5,72.1734,1,0,0,0,0,0,0,72.1734,72.1734,61.0328,61.0328,127.283,127.283,3
-17,209,209.69,1,95,73,119.808,1,0,0,0,0,-3,-7,7.61577,1,-63,-6,63.2851,1,0,0,0,0,0,0,63.2851,63.2851,60.0083,60.0083,126.507,126.507,3
-10,203,203.246,1,101,70,122.886,1,0,0,0,0,5,-10,11.1803,1,-55,-11,56.0892,1,0,0,0,0,0,0,56.0892,56.0892,60.0083,60.0083,124.964,124.964,3
-3,192,192.023,1,109,64,126.4,1,0,0,0,0,14,-18,22.8035,1,-45,-21,49.6588,1,0,0,0,0,0,0,49.6588,49.6588,59.0762,59.0762,125.495,125.495,3
-1,179,179.003,1,114,54,126.143,1,0,0,0,0,18,-30,34.9857,1,-41,-33,52.6308,1,0,0,0,0,0,0,52.6308,52.6308,59.0762,59.0762,127.562,127.562,3
-3,169,169.027,1,114,43,121.84,1,0,0,0,0,17,-40,43.4626,1,-44,-43,61.5224,1,0,0,0,0,0,0,61.5224,61.5224,61.0737,61.0737,127.664,127.664,3
-8,162,162.197,1,109,35,114.481,1,0,0,0,0,10,-48,49.0306,1,-51,-50,71.4213,1,0,0,0,0,0,0,71.4213,71.4213,61.0328,61.0328,129.19,129.19,3
-13,158,158.534,1,105,28,108.669,1,0,0,0,0,5,-54,54.231,1,-57,-57,80.6102,1,0,0,0,0,0,0,80.6102,80.6102,62.0725,62.0725,129.321,129.321,3
-18,159,160.016,1,102,25,105.019,1,0,0,0,0,0,-57,57,1,-64,-58,86.3713,1,0,0,0,0,0,0,86.3713,86.3713,64.0078,64.0078,130.874,130.874,3
-25,169,170.839,1,95,30,99.6243,1,0,0,0,0,-9,-50,50.8035,1,-72,-49,87.0919,1,0,0,0,0,0,0,87.0919,87.0919,63.0079,63.0079,131.21,131.21,3
-27,180,182.014,1,91,40,99.4032,1,0,0,0,0,-12,-41,42.72,1,-75,-40,85,1,0,0,0,0,0,0,85,85,63.0079,63.0079,131.034,131.034,3
-29,186,188.247,1,90,45,100.623,1,0,0,0,0,-14,-36,38.6264,1,-78,-35,85.4927,1,0,0,0,0,0,0,85.4927,85.4927,64.0078,64.0078,131.822,131.822,3
-29,190,192.2,1,88,49,100.722,1,0,0,0,0,-16,-33,36.6742,1,-80,-30,85.44,1,0,0,0,0,0,0,85.44,85.44,64.0703,64.0703,132.439,132.439,3
-24,196,197.464,1,90,54,104.957,1,0,0,0,0,-11,-26,28.2312,1,-72,-23,75.5844,1,0,0,0,0,0,0,75.5844,75.5844,61.0737,61.0737,128.845,128.845,3
-15,203,203.553,1,99,64,117.886,1,0,0,0,0,-1,-15,15.0333,1,-61,-13,62.3699,1,0,0,0,0,0,0,62.3699,62.3699,60.0333,60.0333,127.44,127.44,3
-12,206,206.349,1,103,73,126.246,1,0,0,0,0,6,-7,9.21954,1,-53,-8,53.6004,1,0,0,0,0,0,0,53.6004,53.6004,59.0085,59.0085,125.734,125.734,3
-8,201,201.159,1,107,74,130.096,1,0,0,0,0,13,-7,14.7648,1,-45,-10,46.0977,1,0,0,0,0,0,0,46.0977,46.0977,58.0775,58.0775,124.085,124.085,3
-6,190,190.095,1,109,69,129.004,1,0,0,0,0,17,-15,22.6716,1,-40,-19,44.2832,1,0,0,0,0,0,0,44.2832,44.2832,57.1402,57.1402,124.579,124.579,3
-6,173,173.104,1,110,55,122.984,1,0,0,0,0,18,-29,34.1321,1,-40,-35,53.1507,1,0,0,0,0,0,0,53.1507,53.1507,58.3095,58.3095,124.579,124.579,3
-8,167,167.192,1,108,45,117,1,0,0,0,0,15,-37,39.9249,1,-43,-40,58.7282,1,0,0,0,0,0,0,58.7282,58.7282,58.0775,58.0775,123.988,123.988,3
-10,170,170.294,1,107,45,116.078,1,0,0,0,0,12,-35,37,1,-47,-38,60.4401,1,0,0,0,0,0,0,60.4401,60.4401,59.0762,59.0762,124.197,124.197,3
-19,173,174.04,1,100,47,110.494,1,0,0,0,0,3,-34,34.1321,1,-57,-36,67.4166,1,0,0,0,0,0,0,67.4166,67.4166,60.0333,60.0333,126.372,126.372,3
-26,178,179.889,1,91,48,102.883,1,0,0,0,0,-6,-33,33.541,1,-66,-35,74.7061,1,0,0,0,0,0,0,74.7061,74.7061,60.0333,60.0333,126.372,126.372,3
-29,184,186.271,1,89,51,102.577,1,0,0,0,0,-9,-30,31.3209,1,-71,-30,77.0779,1,0,0,0,0,0,0,77.0779,77.0779,62,62,127.142,127.142,3
-35,193,196.148,1,83,56,100.125,1,0,0,0,0,-17,-24,29.4109,1,-80,-23,83.2406,1,0,0,0,0,0,0,83.2406,83.2406,63.0079,63.0079,128.062,128.062,3
-33,202,204.678,1,82,63,103.407,1,0,0,0,0,-17,-17,24.0416,1,-79,-15,80.4114,1,0,0,0,0,0,0,80.4114,80.4114,62.0322,62.0322,127.283,127.283,3
-27,205,206.77,1,87,68,110.422,1,0,0,0,0,-12,-13,17.6918,1,-74,-12,74.9667,1,0,0,0,0,0,0,74.9667,74.9667,62.0081,62.0081,127.914,127.914,3
-24,201,202.428,1,89,67,111.4,1,0,0,0,0,-8,-13,15.2643,1,-68,-13,69.2315,1,0,0,0,0,0,0,69.2315,69.2315,60,60,125.734,125.734,3
-13,196,196.431,1,98,65,117.597,1,0,0,0,0,3,-15,15.2971,1,-55,-16,57.28,1,0,0,0,0,0,0,57.28,57.28,58.0086,58.0086,124.197,124.197,3
-4,187,187.043,1,108,61,124.036,1,0,0,0,0,14,-19,23.6008,1,-43,-21,47.8539,1,0,0,0,0,0,0,47.8539,47.8539,57.0351,57.0351,123.434,123.434,3
0,177,177,1,113,55,125.674,1,0,0,0,0,20,-25,32.0156,1,-36,-28,45.607,1,0,0,0,0,0,0,45.607,45.607,56.0803,56.0803,122.674,122.674,3
4,170,170.047,1,117,50,127.236,1,0,0,0,0,25,-30,39.0512,1,-32,-34,46.6905,1,0,0,0,0,0,0,46.6905,46.6905,57.1402,57.1402,121.918,121.918,3
2,165,165.012,1,118,43,125.591,1,0,0,0,0,23,-37,43.566,1,-35,-40,53.1507,1,0,0,0,0,0,0,53.1507,53.1507,58.0775,58.0775,124.197,124.197,3
-6,164,164.11,1,111,38,117.324,1,0,0,0,0,14,-41,43.3244,1,-46,-43,62.9682,1,0,0,0,0,0,0,62.9682,62.9682,60.0333,60.0333,125.1,125.1,3
-11,167,167.362,1,104,37,110.386,1,0,0,0,0,6,-41,41.4367,1,-55,-42,69.2026,1,0,0,0,0,0,0,69.2026,69.2026,61.0082,61.0082,125.252,125.252,3
-20,174,175.146,1,97,40,104.924,1,0,0,0,0,-4,-38,38.2099,1,-66,-38,76.1577,1,0,0,0,0,0,0,76.1577,76.1577,62,62,127.613,127.613,3
-25,183,184.7,1,92,46,102.859,1,0,0,0,0,-9,-33,34.2053,1,-72,-32,78.7909,1,0,0,0,0,0,0,78.7909,78.7909,63.0079,63.0079,128.226,128.226,3
-28,191,193.041,1,88,52,102.215,1,0,0,0,0,-14,-27,30.4138,1,-77,-25,80.9568,1,0,0,0,0,0,0,80.9568,80.9568,63.0317,63.0317,129.016,129.016,3
-26,196,197.717,1,88,57,104.848,1,0,0,0,0,-13,-23,26.4197,1,-75,-21,77.8845,1,0,0,0,0,0,0,77.8845,77.8845,62.0322,62.0322,128.845,128.845,3
-23,197,198.338,1,91,60,109,1,0,0,0,0,-9,-20,21.9317,1,-70,-20,72.8011,1,0,0,0,0,0,0,72.8011,72.8011,61,61,128.062,128.062,3
-18,196,196.825,1,96,60,113.208,1,0,0,0,0,-4,-20,20.3961,1,-64,-19,66.7608,1,0,0,0,0,0,0,66.7608,66.7608,60.0083,60.0083,128.062,128.062,3
-16,195,195.655,1,96,61,113.741,1,0,0,0,0,-2,-18,18.1108,1,-61,-17,63.3246,1,0,0,0,0,0,0,63.3246,63.3246,59.0085,59.0085,125.877,125.877,3
-11,192,192.315,1,101,60,117.478,1,0,0,0,0,4,-19,19.4165,1,-55,-19,58.1893,1,0,0,0,0,0,0,58.1893,58.1893,59,59,125.1,125.1,3
-11,186,186.325,1,103,56,117.239,1,0,0,0,0,5,-25,25.4951,1,-56,-26,61.7414,1,0,0,0,0,0,0,61.7414,61.7414,61.0082,61.0082,127.142,127.142,3
-13,183,183.461,1,100,51,112.254,1,0,0,0,0,2,-29,29.0689,1,-58,-30,65.2993,1,0,0,0,0,0,0,65.2993,65.2993,60.0083,60.0083,126.507,126.507,3
-14,182,182.538,1,102,49,113.159,1,0,0,0,0,2,-32,32.0624,1,-60,-33,68.4763,1,0,0,0,0,0,0,68.4763,68.4763,62.0081,62.0081,128.69,128.69,3
-22,178,179.354,1,97,44,106.513,1,0,0,0,0,-6,-39,39.4588,1,-70,-40,80.6226,1,0,0,0,0,0,0,80.6226,80.6226,64.0078,64.0078,132.28,132.28,3
-28,175,177.226,1,90,38,97.6934,1,0,0,0,0,-11,-46,47.2969,1,-76,-46,88.8369,1,0,0,0,0,0,0,88.8369,88.8369,65,65,131.366,131.366,3
-27,175,177.071,1,92,36,98.7927,1,0,0,0,0,-12,-46,47.5395,1,-76,-46,88.8369,1,0,0,0,0,0,0,88.8369,88.8369,64,64,132.439,132.439,3
-33,179,182.016,1,88,39,96.2549,1,0,0,0,0,-16,-44,46.8188,1,-82,-43,92.5905,1,0,0,0,0,0,0,92.5905,92.5905,66.0076,66.0076,133.06,133.06,3
-36,182,185.526,1,82,42,92.1303,1,0,0,0,0,-20,-40,44.7214,1,-85,-39,93.5201,1,0,0,0,0,0,0,93.5201,93.5201,65.0077,65.0077,130.874,130.874,3
-31,185,187.579,1,84,46,95.7706,1,0,0,0,0,-17,-35,38.9102,1,-80,-34,86.9253,1,0,0,0,0,0,0,86.9253,86.9253,63.0079,63.0079,129.468,129.468,3
-32,187,189.718,1,85,49,98.1122,1,0,0,0,0,-16,-32,35.7771,1,-80,-32,86.1626,1,0,0,0,0,0,0,86.1626,86.1626,64,64,129.468,129.468,3
-30,189,191.366,1,84,51,98.27,1,0,0,0,0,-15,-29,32.6497,1,-77,-29,82.28,1,0,0,0,0,0,0,82.28,82.28,62,62,127.283,127.283,3
-29,190,192.2,1,86,53,101.02,1,0,0,0,0,-14,-27,30.4138,1,-76,-27,80.6536,1,0,0,0,0,0,0,80.6536,80.6536,62,62,128.062,128.062,3
-31,189,191.525,1,85,53,100.17,1,0,0,0,0,-15,-28,31.7648,1,-78,-28,82.8734,1,0,0,0,0,0,0,82.8734,82.8734,63,63,128.69,128.69,3
-29,189,191.212,1,87,52,101.356,1,0,0,0,0,-13,-29,31.7805,1,-75,-30,80.7775,1,0,0,0,0,0,0,80.7775,80.7775,62.0081,62.0081,128.69,128.69,3
-30,190,192.354,1,87,52,101.356,1,0,0,0,0,-14,-29,32.2025,1,-78,-29,83.2166,1,0,0,0,0,0,0,83.2166,83.2166,64,64,129.468,129.468,3
-35,189,192.213,1,83,51,97.4166,1,0,0,0,0,-19,-30,35.5106,1,-83,-31,88.6002,1,0,0,0,0,0,0,88.6002,88.6002,64.0078,64.0078,130.25,130.25,3
-37,187,190.625,1,79,49,92.9624,1,0,0,0,0,-21,-34,39.9625,1,-84,-34,90.6201,1,0,0,0,0,0,0,90.6201,90.6201,63,63,129.958,129.958,3
